filename,artist,title,style,genre,date,idx
633.jpg,7b5a9186df853ff921c211145ca5ab59,Nude Woman Standing ,Realism,nude painting (nu),,633
840.jpg,e8eae9a2f53456f01d601ae153f76a2d,Boy with a Greyhound,Mannerism (Late Renaissance),portrait,,840
820.jpg,accb302082074fa3b73308a2e42f1fd4,A Lady with a Drawing of Lucretia,High Renaissance,portrait,c.1531,820
216.jpg,782192dc825c7c1149825adcb7caacbc,Plum Blossom and Bush Warbler,Ukiyo-e,bird-and-flower painting,1838,216
271.jpg,74a1dad53214d04514269a188f16683a,Transfiguration,Art Nouveau (Modern),symbolic painting,c.1906,271
393.jpg,608e86021cb827b9056f11e0a01073c7,The Blower,Realism,portrait,,393
254.jpg,bf1d0c9118c5c4d6973bfeb5d7657d83,The widow,Realism,portrait,,254
186.jpg,5d6136636d3015e201f6096d67c89860,Lake Traun,Romanticism,landscape,1840,186
856.jpg,96e7b1bc8d52e18caf0af34fec2e9bcb,Vedute di Roma,Neoclassicism,interior,,856
377.jpg,450fc8bc8b9924db9bd48172f6498d3b,"Simon Fraser, 11th Baron Lovat",Baroque,portrait,,377
830.jpg,51b72626792ce4fabab05000bac62e7d,"Solomon's Wall, Jerusalem",Orientalism,cityscape,,830
211.jpg,d8ac73f0218c738977444c6217a35211,Elisabeth at the Table,Fauvism,portrait,1909,211
182.jpg,907642811d82d1a8bd61417b5683e48d,The Spinner,Rococo,genre painting,,182
982.jpg,e60882af79cababb03ddfa980a75448c,The Crockery Vendor,Romanticism,genre painting,1779,982
628.jpg,46200eee40e22039aef7a5944bb445c9,Draft for the space of ​​the Austrian State Printing House on show in London,Art Nouveau (Modern),design,1906,628
513.jpg,925aa369b0793b82b0c79df590b98832,View of Salisbury Cathedral from the Bishop's Grounds,Romanticism,landscape,c.1823,513
321.jpg,74a1dad53214d04514269a188f16683a,The truth,Art Nouveau (Modern),symbolic painting,1903,321
957.jpg,3cbc8bc4a88d67bda34c2d436212e2cf,Leaving School,Realism,genre painting,c.1848,957
629.jpg,dc589f213ba7bd398714ac2796b7c0ab,The Death of Seneca,Baroque,history painting,c.1615,629
253.jpg,3cc9a44380296d93e68b71a27643c25f,The farm of Bellevue,Post-Impressionism,landscape,1892,253
44.jpg,183ead1b4ef41afcb47cd4fcb9f5a1df,Ships at sea,Romanticism,marina,1867,44
40.jpg,96ea00928e83b362a190d624a3c357ca,"Repenting of St. Jerome, also called St. Jerome with Cardinal Hat",Tenebrism,religious painting,1650,40
748.jpg,7e7b4392f5776bb7c65a603155727f59,Grien in the church St. George Gutach Bleienbach,Northern Renaissance,design,,748
868.jpg,8f59e3f70611b198f0536f60187cb64b,Christ Carrying the Cross,Baroque,religious painting,1660,868
704.jpg,8e441c5899bf3d2f3b2c493e62fb92bf,"Octopus, Red Fish",Ukiyo-e,animal painting,,704
654.jpg,0641cf433776d46e89adfe142bd22379,Crucifixion,Early Renaissance,religious painting,1475,654
459.jpg,782192dc825c7c1149825adcb7caacbc,Temple complex on an island and ferries on a river,Ukiyo-e,landscape,,459
967.jpg,ad8cc0e8386fb460ac34a62244dffc26,Portrait of a Young Man (Alessandro de Medici ),Mannerism (Late Renaissance),portrait,c.1526,967
825.jpg,51b72626792ce4fabab05000bac62e7d,A Soul Taken away by an Angel ,Academicism,allegorical painting,1853,825
539.jpg,45f4183820ce1fa775f8a27d3120aad6,The Village of Novgorod Governorate,Post-Impressionism,landscape,1912,539
849.jpg,c3e9d9ebe5f2900190bef9342c440bd9,Portrait of Jacob muffle ,Northern Renaissance,portrait,1526,849
986.jpg,54e7b38b5c91716bd3ad99a0ab740a18,Women of Paris: The Circus Lover,Realism,genre painting,1885,986
106.jpg,512fb34e01bd21a92e7ec1380577c985,"Study to ""Above the eternal tranquility""",Realism,landscape,1892,106
937.jpg,0aa40001869bf1e86a1bdae741f79220,The Japanese Parisian,Romanticism,genre painting,1872,937
753.jpg,68cbc428edbcf480cbbb9a0e66e7046d,Lilacs in a Window,Impressionism,still life,c.1880,753
441.jpg,46200eee40e22039aef7a5944bb445c9,Picture book for the niece of Ditha Mautner von Markhof,Art Nouveau (Modern),illustration,1904,441
296.jpg,599777e56cedc655aef921713d5becd1,St. Christopher,Northern Renaissance,religious painting,c.1435,296
306.jpg,c8c719bbaa146ed79fe08d536dc2dd7e,Archangel Raphael with Adam and Eve,Symbolism,religious painting,1808,306
804.jpg,1a8d67dbb446bdc4298cc0be56932a38,Charing Cross Bridge,Impressionism,cityscape,1903,804
600.jpg,821cc8348e92c1dd6e2308b4d578fa25,The Port of Le Havre  ,Post-Impressionism,marina,1906,600
479.jpg,8cdd41002b7b5c5d112865054a7fe13e,Mask Dance,Cubism,genre painting,1929,479
507.jpg,10bc951c2eb4a2f05fa773bdaace4e3b,Miners' wives carrying sacks of coal,Realism,genre painting,1882,507
860.jpg,db4b3b7cf13fd013ce873be4b59303ff,King David (Israel Travel Poster),Cubism,poster,1956.0,860
153.jpg,25ae5f1122be2bd3460525c418b9d492,Coronation of the Virgin,Early Renaissance,religious painting,1435,153
784.jpg,b15d8d493527dccb0b3e02b1ef65258d,Peasant Wedding,Northern Renaissance,genre painting,1568,784
853.jpg,8e441c5899bf3d2f3b2c493e62fb92bf,Tiger,Ukiyo-e,battle painting,,853
801.jpg,d7f21b854745372690a1896b8342d19f,The Chimera,Symbolism,mythological painting,1867,801
7.jpg,83e9823eb4868ca162fd3b7adff70096,"The Inferno, Canto 28",Romanticism,illustration,,7
788.jpg,83e9823eb4868ca162fd3b7adff70096,"The Inferno, Canto 30",Romanticism,illustration,,788
560.jpg,10bc951c2eb4a2f05fa773bdaace4e3b,Bank of the Rhone at Arles,Post-Impressionism,landscape,1888,560
760.jpg,48b59a894aafec218cbda701ca69da89,Self Portrait with Monkeys,Naïve Art (Primitivism),self-portrait,1943.0,760
252.jpg,24aa3b8d132a64607956435cbcb4abfd,Flusslandschaft ,Post-Impressionism,marina,1907.0,252
710.jpg,10bc951c2eb4a2f05fa773bdaace4e3b,Self-Portrait,Post-Impressionism,self-portrait,1887,710
514.jpg,10bc951c2eb4a2f05fa773bdaace4e3b,Woman with a Broom,Realism,sketch and study,1882,514
157.jpg,1e595d48fcdc7832cb923efc35aa8da4,"Ribs, Ribs",Neo-Expressionism,figurative,1982.0,157
93.jpg,caf6b5d6cc448a3e4e95fe4b245c5c26,Title page of The Boy's King Arthur,Romanticism,illustration,1922,93
516.jpg,7e4dc558dfaf1fde7eb908e370393d00,Sunflowers on the Banks of the Seine,Impressionism,landscape,c.1886,516
141.jpg,d5b068e4e6fd5c91710699585afb13f9,Untitled,Abstract Expressionism,abstract,,141
170.jpg,dd55583ce853dcbab93bb4af58f4fcfb,Tranquillity,Neoclassicism,genre painting,1914,170
948.jpg,2cd87bc71a43270dc7ce0917f6f6d980,Ali Baba in the Woods,Art Nouveau (Modern),illustration,1897,948
287.jpg,1a8d67dbb446bdc4298cc0be56932a38,Water Lilies,Impressionism,flower painting,1919,287
317.jpg,49bb8d79587c2172c6cd04dd705fd891,"April Snow, Salem",Post-Impressionism,landscape,c.1907,317
961.jpg,450fc8bc8b9924db9bd48172f6498d3b,The Lady's Last Stake ,Rococo,genre painting,c.1759,961
59.jpg,48b59a894aafec218cbda701ca69da89,Self Portrait,Naïve Art (Primitivism),self-portrait,1938.0,59
385.jpg,bc0ddf03c667c5edb17982be481ef360,Woman sitting in a chair,Expressionism,portrait,,385
139.jpg,cc47068929413a16aa707faefbdf4b70,Rigoletto,Art Deco,design,,139
429.jpg,d102cde968c819e615f13f13ade83a3c,Portrait of Adolphe Basler,Post-Impressionism,portrait,1914,429
692.jpg,d102cde968c819e615f13f13ade83a3c,not identified,Post-Impressionism,portrait,,692
578.jpg,10bc951c2eb4a2f05fa773bdaace4e3b,Country Churchyard and Old Church Tower ,Realism,landscape,1885,578
23.jpg,c3e9d9ebe5f2900190bef9342c440bd9,"Endres Dürer, brother of the painter, in profile",Northern Renaissance,portrait,,23
649.jpg,1950e9aa6ad878bc2a330880f77ae5a1,Embrace,Post-Impressionism,genre painting,1900,649
314.jpg,74a1dad53214d04514269a188f16683a,Niesen,Symbolism,landscape,1910,314
733.jpg,d102cde968c819e615f13f13ade83a3c,Young blond boy ,Post-Impressionism,portrait,1937,733
223.jpg,40b02cfc7d44302592370bb9feddc28a,Helen Taylor Sketching,New Realism,genre painting,1916,223
164.jpg,5f766392b0bb21a9a771c4675efccd5f,Boyan,Symbolism,mythological painting,1910.0,164
790.jpg,3d0eabaa03d5997194155a847a7a2e30,Saint John the Evangelist,Byzantine,religious painting,1408,790
333.jpg,e76816a609f0c7141b93079afcf4b33e,Woman Enjoying The Shower,Expressionism,nude painting (nu),,333
947.jpg,1a8d67dbb446bdc4298cc0be56932a38,Low Tide at Varengeville,Impressionism,landscape,1882,947
138.jpg,cd56f7f46b19cff44fb6700a3808ab9c,Woman Science,Art Nouveau (Modern),allegorical painting,,138
240.jpg,3937af6d364e2f24d1cce16fe3916536,Where Euclide walked,Surrealism,cityscape,1955,240
212.jpg,040827f8fb458d1cea7d3e0b9e33132f,Jesus,Rococo,religious painting,,212
383.jpg,481c5c92d55717167e01821144a54635,"Boulevard des Italiens Morning, Sunlight",Impressionism,cityscape,1897,383
359.jpg,0eb4b764437df0fa2b50efd963bd4f83,Side of the Valley of Saint-Vincent (Auvergne),Realism,landscape,c.1830,359
400.jpg,7bd66a895ffb6653f3e2aa022cd55330,Marombra,Futurism,,1919,400
984.jpg,49bb8d79587c2172c6cd04dd705fd891,"St. Mark's, Venice",Post-Impressionism,cityscape,1898,984
696.jpg,cc47068929413a16aa707faefbdf4b70,Statue of Liberty,Art Deco,design,,696
700.jpg,5492f3de0de95c559f5d2ebcffb084a6,The Cortege ,Surrealism,genre painting,1963.0,700
631.jpg,bc0ddf03c667c5edb17982be481ef360,Cyclamen Pourpre ,Expressionism,flower painting,1912,631
787.jpg,062244b785e58518f2f189329633c59e,Provence. Pines on the shore,Art Nouveau (Modern),landscape,1929.0,787
750.jpg,cc47068929413a16aa707faefbdf4b70,The Swing,Art Deco,genre painting,,750
717.jpg,df97efdcbefba87d3aad1aaa3f413ceb,Self-Portrait,Baroque,self-portrait,,717
785.jpg,3a320926ef941d53716127548523450c,Passage of Mount Cenis,Romanticism,landscape,,785
269.jpg,10bc951c2eb4a2f05fa773bdaace4e3b,“Au Charbonnage” Café,Realism,cityscape,1878,269
46.jpg,d102cde968c819e615f13f13ade83a3c,not identified,Post-Impressionism,nude painting (nu),,46
563.jpg,ee1fc5cb64efc639c3c00ccf3af614c4,St. Jerome who resurrected the bishop Andrea,Early Renaissance,religious painting,1473,563
512.jpg,12dfb12ee87cde6a8dd88d10fb3075f4,Checkered House,Naïve Art (Primitivism),genre painting,,512
565.jpg,aa344e9aa644e0506a60917da0f29178,Weimar Berlin,Verism,cityscape,,565
38.jpg,c8041306a183cbaf39ff8cd707c9cc7f,Askeladdens adventure,Neo-Romanticism,illustration,1910.0,38
891.jpg,bf640dd1f7dd463debb1457bfbb180ad,No. 1,Color Field Painting,abstract,1959,891
647.jpg,f3240aa1f2ba725638e2e918a3b7eab3,Moonlit Night at the Museum,Sōsaku hanga,cityscape,1932.0,647
598.jpg,d09f796f2b0aa11dffc88badd9806119,Russian squadron on the raid of Sevastopol,Romanticism,genre painting,1846,598
234.jpg,795985c5c0e7c704a354a487bdffeef5,Kochel: Waterfall I,Post-Impressionism,landscape,1900,234
31.jpg,916dbdfaa7fa74cc1172a93fe37f3fc8,Village view,Romanticism,cityscape,,31
915.jpg,9ee8bdc8cacd9654c2f565c618af10ab,Angel with the Flaming Sword,Symbolism,religious painting,1889,915
228.jpg,9d9ad9e2fbdcff68dadc266ccc6e4aed,Madonna of the Cave,Early Renaissance,religious painting,c.1489,228
36.jpg,f7e1cb7b67e7b154d9dca7d12879d7b0,"Sketch with the image of Maitreya, carved on a rock",Symbolism,sketch and study,c.1932,36
78.jpg,498a3471e49b3b93ecf21cda90b150b0,Illustration to 'The crane and heron. Bear.',Art Nouveau (Modern),illustration,1906.0,78
682.jpg,bf640dd1f7dd463debb1457bfbb180ad,Marching Figures,Abstract Expressionism,figurative,1953,682
803.jpg,c1e13f484d2579321b49e4d1e8495d30,The Crowns of the Trees,Realism,landscape,1867.0,803
444.jpg,3937af6d364e2f24d1cce16fe3916536,The empire of lights,Surrealism,landscape,1954,444
110.jpg,d8ac73f0218c738977444c6217a35211,Elisabeth Gerhard sewing,Expressionism,portrait,1909,110
791.jpg,6c348f12342a2c5e2ae8906873f5cecf,The Mice Escape,Art Nouveau (Modern),illustration,1902.0,791
353.jpg,798f3d6f62293e3eec1d80bc385ecc36,Appearance of Christ to the apostles (Fragment),Proto Renaissance,religious painting,1311,353
427.jpg,3cc9a44380296d93e68b71a27643c25f,Interior with Two Women and a Child,Romanticism,portrait,,427
451.jpg,d80845360ec772e09996eb8c7678eae6,Celebration,Abstract Expressionism,abstract,1961,451
940.jpg,bcc742e1dab75dec6fbdbe6fe50ba53b,The Last Supper,High Renaissance,religious painting,1525,940
782.jpg,fbf1ac1a72a08aada0881f372b01df23,unknown title,Art Nouveau (Modern),caricature,,782
391.jpg,1950e9aa6ad878bc2a330880f77ae5a1,Stuffed shirts,Impressionism,genre painting,1900,391
607.jpg,cd9ac80cf7799f759edf1e6a96d28ced,The Visit,Baroque,genre painting,c.1657,607
398.jpg,aa344e9aa644e0506a60917da0f29178,Warrior with a Pipe,Cubism,portrait,,398
135.jpg,3a320926ef941d53716127548523450c,"Sunrise, Whiting Fishing at Margate",Romanticism,marina,,135
5.jpg,e60882af79cababb03ddfa980a75448c,Accuse the Time,Romanticism,capriccio,1812,5
465.jpg,9bfa421135ab2d6a06156664b9479dd4,Blue night,New Realism,genre painting,1914,465
577.jpg,450fc8bc8b9924db9bd48172f6498d3b,Benefit ticket (Mr  Milward)' A Bold Stroke for a Wife,Rococo,design,,577
887.jpg,62b4406512c45730d2c7c40f5e3d0d12,"Illustration to ""A Week of Kindness""",Surrealism,illustration,1934,887
942.jpg,e88f5c22a024ef502ce9d5cad6a001a9,"Jeanne Elisabeth de Geer, Baroness Tuyll",Rococo,portrait,,942
347.jpg,4b29e458354f087f2488e665778fa25c,July 27-53 (ivory),Cubism,still life,1953,347
478.jpg,96e7b1bc8d52e18caf0af34fec2e9bcb,Gallo dying,Neoclassicism,genre painting,,478
145.jpg,a2a7e2594b657a8fa12a4e732e76c40d,And I am alone in my house ,Pop Art,interior,1973,145
863.jpg,da9ab2081b197129eeb91477d239be00,Neptun's Horses ,Neo-Romanticism,mythological painting,1893.0,863
496.jpg,0d138ffcc570102982abc5b16d398107,"Rienzi Vowing to Obtain Justice for the Death of his Young Brother, Slain in a Skirmish between the Colonna and Orsini Factions",Romanticism,illustration,1848,496
79.jpg,f5aa2fd3418ac536047bb1f828fe0093,Rain at Shuzenji Spa,Shin-hanga,cityscape,1933.0,79
241.jpg,8a1a67964c0cbea29fc9801b5c42c553,Marsh. Polissia,Realism,landscape,1890.0,241
827.jpg,cd56f7f46b19cff44fb6700a3808ab9c,Abricotine,Art Nouveau (Modern),advertisement,,827
418.jpg,aa344e9aa644e0506a60917da0f29178,Dying Warrior,Expressionism,battle painting,,418
858.jpg,5b6a7be5ffc6a27b91bd3210ffa2e088,Still Life with Chip Frier,Expressionism,still life,1954.0,858
256.jpg,da4d446557e592e23a711b925f436897,"Correspondence Red-White, side B",Hard Edge Painting,abstract,1966.0,256
917.jpg,cd9ac80cf7799f759edf1e6a96d28ced,Interior ,Baroque,interior,,917
673.jpg,b874a616affcb766bb0e7a4f2a0803f0,Girls with good luck charms,Art Nouveau (Modern),genre painting,,673
213.jpg,c4d35a700a68e98b290fcef86011c577,Message from a Desert Star,Abstract Expressionism,abstract,1972,213
995.jpg,31dbc08b8d0a3196c5484c0c068b2bcc,End of the season Sun,Impressionism,genre painting,1884,995
708.jpg,3e2b8c5bdf1cb9b4e7156d98e93ab5f1,"The Appointment of the four forms, from the portfolio Life Forms",Cubism,abstract,1963,708
344.jpg,d8ed2d6f032da7c79eb05c5502005520,"Enthroned Madonna, Saint Jerome, and St. Sebastian",Early Renaissance,religious painting,1490,344
341.jpg,c2fdb35ca0c0b8f93909e8fcc2ea30d8,Daikoku and Mouse,Ukiyo-e,animal painting,1880.0,341
561.jpg,dc589f213ba7bd398714ac2796b7c0ab,The Four Evangelists,Baroque,religious painting,c.1614,561
902.jpg,1c5808517b3b9560b277eaae7adfabfc,Buying apples from a peddler. Study,Romanticism,sketch and study,c.1830,902
350.jpg,dc6024d744b7f7e162e660b26aa5b7da,Portrait Relief PR3 (Portrait of Claude Pascal) ,Nouveau Réalisme,portrait,1962,350
88.jpg,a71d161299fa84782a407049c988830e,Flowers with Roots,,,,88
426.jpg,397c63db1c7b507d23abff3f8bb0fa18,The flute player,Baroque,genre painting,1642,426
644.jpg,2cd87bc71a43270dc7ce0917f6f6d980,Vol .III,Art Nouveau (Modern),design,1894,644
880.jpg,c31b03be3da5810b44ea4782d2f3b8a0,A Swirl of Fog,Magic Realism,landscape,1976.0,880
796.jpg,c56bcab4b317984013ebef5d3c4b5906,Snow Scene,Impressionism,landscape,,796
618.jpg,50591a7061fb340d875723f38e00cc3b,"Horse Drawn Cabs at Evening, New York",Impressionism,cityscape,,618
822.jpg,3937af6d364e2f24d1cce16fe3916536,The voice of space,Surrealism,symbolic painting,1928,822
878.jpg,3cc9a44380296d93e68b71a27643c25f,Leda and the Swan ,Post-Impressionism,mythological painting,c.1882,878
445.jpg,3edc6a404b8c67b7dad1405d52228c96,House of Marie Louise in Labastide,Pointillism,landscape,1920,445
697.jpg,db1318d32df7428076e03513ebf762bb,Portrait of Yseult Fayet,Symbolism,portrait,1908,697
749.jpg,1784ca34f1a06ba6eac22a83a5b0244d,Autumn,Post-Impressionism,landscape,1909,749
866.jpg,875a7966e0e23051569c31128726c349,The Parents,Expressionism,portrait,1919.0,866
276.jpg,95170250b9a5101b11db6d60acfc9f86,Blue Morning Glory,Precisionism,flower painting,,276
396.jpg,481c5c92d55717167e01821144a54635,The Port of Le Havre 2,Impressionism,cityscape,1903,396
818.jpg,57bbc1b439f3913ea7f467ac5ccaac31,Washington at the Delaware ,Naïve Art (Primitivism),history painting,1849,818
422.jpg,e8eae9a2f53456f01d601ae153f76a2d,Iseppo and Adriano da Porto,Mannerism (Late Renaissance),religious painting,1552,422
52.jpg,ee1fc5cb64efc639c3c00ccf3af614c4,Madonna of Loreta (Annunciation),High Renaissance,religious painting,1507,52
375.jpg,e6226dc01b031150735d57038888e62e,Young Portuguese,Safavid Period,miniature,1634.0,375
327.jpg,d77452b0e817e7cb88e30c4a5f5ca9ba,Cactus in Bloom,Impressionism,landscape,1915.0,327
528.jpg,861c29e13205420326f7443ea77de5c9,"A Street, Comrie ",Post-Impressionism,cityscape,1900.0,528
461.jpg,d8ac73f0218c738977444c6217a35211,Reading man in park,Expressionism,genre painting,1914,461
84.jpg,479807bac5f3f944e7209e5d99e0dc48,"Point Lobos, Oak Tree",Impressionism,landscape,1918,84
719.jpg,c31b03be3da5810b44ea4782d2f3b8a0,"Mauve, Red and Purple",Magic Realism,landscape,1987.0,719
86.jpg,cc47068929413a16aa707faefbdf4b70,The Kiss,Art Deco,symbolic painting,,86
714.jpg,c16781c4321948227193214b68477a5c,Sir Edmund Gosse,Realism,portrait,c.1886,714
554.jpg,760e4eabd639621a3f81dabd57261139,Olive Maxse,Romanticism,sketch and study,,554
179.jpg,8cdd41002b7b5c5d112865054a7fe13e,Street at Stadtpark,Expressionism,cityscape,,179
494.jpg,481c5c92d55717167e01821144a54635,Study for the apple picker,Impressionism,sketch and study,,494
706.jpg,6e48a922afad04d0dd1c26b9f9bbd051,Taro Men,Expressionism,symbolic painting,1960.0,706
67.jpg,31dbc08b8d0a3196c5484c0c068b2bcc,An Italian Garden,Impressionism,landscape,1909,67
520.jpg,9a0942ceb98aa3146d8991d284c758ab,Prayer manual,Ottoman Period,calligraphy,1669.0,520
585.jpg,2c619a6f61c12b8295ded4d733e8d97e,"Schooley's Mountain, New Jersey ",Romanticism,landscape,1879.0,585
379.jpg,49bb8d79587c2172c6cd04dd705fd891,Figures on the Beach,Naïve Art (Primitivism),nude painting (nu),c.1918,379
549.jpg,a7b6670e2d23f415998849a8fdedae18,The Fall of Man,Mannerism (Late Renaissance),religious painting,1578,549
659.jpg,31dbc08b8d0a3196c5484c0c068b2bcc,Prospect Park,Impressionism,landscape,1886,659
101.jpg,8ddea81c0d67aeb2b410302f77ad9dbb,Portrait of Lise Carrière ,Symbolism,portrait,1906.0,101
431.jpg,ccb8b07e7e3d837b2cd08d3edaf009cd,In Without Knocking ,Romanticism,genre painting,1909.0,431
233.jpg,9c33ab681802c2be485f30761c2fc923,Scouts at Sevastopol ,Realism,battle painting,1874,233
668.jpg,62b4406512c45730d2c7c40f5e3d0d12,The Young Chimaera,Dada,symbolic painting,1920,668
299.jpg,821cc8348e92c1dd6e2308b4d578fa25,The Mexican Musicians,Naïve Art (Primitivism),genre painting,c.1951,299
57.jpg,91373404ff71f68865c7cd9c51bc62ef,Pirámide del Sol ,Realism,landscape,1878.0,57
977.jpg,b15d8d493527dccb0b3e02b1ef65258d,Hope,Northern Renaissance,allegorical painting,,977
222.jpg,45f4183820ce1fa775f8a27d3120aad6,The Sunset on Volga. Nizhny Novgorod,Impressionism,landscape,1911,222
248.jpg,b864293dc3601617049eb94d1236a7e0,Klosterneuburg Altar,Mosan art,religious painting,1181,248
716.jpg,11a3a604361b93a2f3c2c34b5a82a668,Delaware Bay ,Romanticism,marina,1875.0,716
345.jpg,897c5e2d98eb1a333d1a0b04445883fc,Tales of Mystery and Imagination by Edgar Allan Poe,Art Nouveau (Modern),illustration,1923,345
847.jpg,dc589f213ba7bd398714ac2796b7c0ab,Landscape with Stone Carriers,Baroque,landscape,c.1620,847
437.jpg,9357ef569a10c52a2ca5d95823cb2f8e,Triptych with the Nativity,Northern Renaissance,religious painting,1515,437
792.jpg,3edc6a404b8c67b7dad1405d52228c96,View of the Labastide du Vert below to Marquayrol,Impressionism,landscape,,792
832.jpg,7aed4909f6766c98947acdab620b6db5,The Temptation of St. Anthony,Baroque,religious painting,c.1645,832
485.jpg,fa7a0860d572a3ec6d1e563839a22d73,Shakespearean Equation: King Lear,Surrealism,figurative,1948.0,485
61.jpg,dc589f213ba7bd398714ac2796b7c0ab,Lamentation of Christ,Baroque,religious painting,1618,61
828.jpg,d77452b0e817e7cb88e30c4a5f5ca9ba,The Family at Cards (unfinished),Impressionism,genre painting,,828
90.jpg,831614e9da7ff241dc5783f098dd0107,Paysage colore aux oiseaux aquatique ,Fauvism,animal painting,1907.0,90
648.jpg,821cc8348e92c1dd6e2308b4d578fa25,Arcades at L'Estaque,Cubism,landscape,1908,648
892.jpg,acb41a9d1162f3060bad857d303f17c8,Goya's Lover,Pop Art,nude painting (nu),1977.0,892
466.jpg,1950e9aa6ad878bc2a330880f77ae5a1,Farmer's wife on a stepladder,Surrealism,genre painting,1933,466
674.jpg,b59f3b556ce036d42a93dea4c3f1ba48,Lydia Lynde,Neoclassicism,portrait,c.1764,674
621.jpg,c16781c4321948227193214b68477a5c,Two Girls Lying on the Grass,Impressionism,genre painting,1889,621
931.jpg,3edc6a404b8c67b7dad1405d52228c96,Young Women in Garden in Marquayrol,Impressionism,genre painting,,931
622.jpg,8484e5abe6badeb29c4b9af137636259,El Ordeño,Romanticism,genre painting,1892.0,622
456.jpg,739ad39c672e781a5cee3c07ecb9f646,The Coast of Brittany (aka Alone with the Tide),Realism,landscape,1861,456
786.jpg,ccb8b07e7e3d837b2cd08d3edaf009cd,Lewis and Clark Reach Shoshone Camp Led by Sacajawea the Bird Woman  ,Romanticism,genre painting,1918.0,786
280.jpg,9a85697fd693e11f87846ebc70c00227,Farmhouse with Birch Trees,Art Nouveau (Modern),landscape,1903,280
852.jpg,8aebe44d4fbb5ca859ddfe6260403e4a,Medea,Art Nouveau (Modern),poster,1898,852
113.jpg,50591a7061fb340d875723f38e00cc3b,Church at Old Lyme,Impressionism,cityscape,1906,113
776.jpg,c8b8309d0adf15bd814701ee47de640c,"Kirkstall Abbey, Yorkshire",Romanticism,landscape,1801.0,776
954.jpg,b6095eab35b7f0abfbe5687ed8329293,Francisco Bandres de Abarca,Baroque,portrait,c.1646,954
47.jpg,bf8a76a110805df312d2df21fa84e7cd,Meninos e piões,Expressionism,portrait,1947.0,47
315.jpg,b844978933b7ae43e32ce775494821eb,Untitled,Surrealism,symbolic painting,,315
518.jpg,dcb1d130c7640aefc60890d0e90d472d,The river valley in Bulgaria,Realism,landscape,1883,518
701.jpg,c7410238d399d9f454123e59b059fdd2,The Checkerboard,Synthetic Cubism,still life,1915,701
310.jpg,e60882af79cababb03ddfa980a75448c,St. Gregory the Great,Romanticism,portrait,1797,310
875.jpg,7a5b41c727b25762d24cee788163a1d7,Establishment of the Manger at Greccio,Early Renaissance,religious painting,1452,875
874.jpg,562444404c306132a0a6f2e6f7a335c8,Wistaria at Ushijima,Sōsaku hanga,landscape,1953,874
292.jpg,f14a3a6cc3112c9e92bc6c33c88eb264,A Collection of Pictures at the Time of Augustus,Romanticism,genre painting,1867,292
552.jpg,c38fea973e430fde20b174f588e853d4,View of the Vaulting of the Sacristy of St. John,Early Renaissance,religious painting,1482,552
677.jpg,67c1053cde05250df99a1d173e57003a,Study of a young woman,Baroque,portrait,c.1667,677
365.jpg,c3efe083ec89d6cf6fd0eca1b1b1e880,Invention of a Dream,Surrealism,symbolic painting,1960.0,365
593.jpg,1c5808517b3b9560b277eaae7adfabfc,Portrait de l`Archimandrite Théophane,Realism,portrait,1837,593
209.jpg,c16781c4321948227193214b68477a5c,The Piazzetta and the Doge's Palace,Impressionism,cityscape,c.1907,209
436.jpg,831614e9da7ff241dc5783f098dd0107,"La Baigneuse, (Nu) ",Neoclassicism,nude painting (nu),1937.0,436
399.jpg,0aa40001869bf1e86a1bdae741f79220,Ready for the Ball,Romanticism,genre painting,,399
53.jpg,e8a920f9131325defb6af918b6085945,Portrait Of Marinetti,Futurism,portrait,,53
857.jpg,5fc2ffdd3d24ab503edd9a271dc379bd,Smyrne Bornabat,Realism,landscape,1873,857
848.jpg,5aabfc58470d01bb2362795a44a2603b,Negreries Martinique,Post-Impressionism,portrait,1890,848
334.jpg,9649a0013a798a8367d2c493e37468ec,Pikes Peak,Luminism,landscape,,334
309.jpg,17d7e6e3171d68e616897f0e09745ae9,Mountains (Rocky Way Landscape),Cubism,landscape,c.1912,309
129.jpg,e194986304d381e56ca87f11adab090b,The Silk Mill ,Impressionism,cityscape,1912.0,129
394.jpg,deedbecf554a7c809e5e89c6c5b68125,Pietà of Canon Luis Desplá (detail),Gothic,religious painting,1490,394
91.jpg,db1318d32df7428076e03513ebf762bb,Vase with Flowers and Butterflies,Realism,flower painting,,91
869.jpg,9c33ab681802c2be485f30761c2fc923,Head of a Kirghiz. Sketch ,Realism,sketch and study,,869
338.jpg,ff9488f3353c524c946f38e6547af32a,Composition with lemons and poppy,Post-Impressionism,still life,1966.0,338
595.jpg,48125751a4f9a9e0bddd2f08cec9f2de,Landscape with Boats on a River,Baroque,landscape,1612.0,595
462.jpg,c5e676e275ce5a30ca64608de7890680,"Portrait of Fra Bonaventura Bisi, Called 'Il Pittorino' ",Baroque,portrait,1658.0,462
669.jpg,a6027a4ba71b61a55ea598379c9d508c,Woman in a Café,Impressionism,genre painting,c.1877,669
923.jpg,fa7a0860d572a3ec6d1e563839a22d73,Shakespearean Equation: Twelfth Night,Surrealism,figurative,1948.0,923
686.jpg,c3476c06a03ae311a7a57705b315ae88,Psyche showing her sisters her gifts from Cupid,Rococo,mythological painting,1753,686
430.jpg,a6027a4ba71b61a55ea598379c9d508c,Two Dancers with Yellow Corsages,Impressionism,genre painting,c.1902,430
904.jpg,1950e9aa6ad878bc2a330880f77ae5a1,Portrait of Sylvette David,Expressionism,portrait,1954,904
136.jpg,a6027a4ba71b61a55ea598379c9d508c,"Jeantaud, Linet and Laine",Impressionism,portrait,1871,136
727.jpg,4a30943bf6dd5da55d12ccd14aaff0d8,View of Cagne from Horseback,Magic Realism,landscape,1921,727
734.jpg,855baacfb3c92bca6700accbac624378,Landscape with canal,Pointillism,landscape,,734
910.jpg,b844978933b7ae43e32ce775494821eb,Untitled,Surrealism,symbolic painting,,910
572.jpg,b5eaa78a28dc3b1d0ead84a3fd81b423,Daniel LaMotte ,Romanticism,portrait,1813.0,572
895.jpg,dd1632620669a880e3fc3896547c10ce,The Fisherman,Impressionism,genre painting,1926,895
281.jpg,a4a0c7f453db17be153de96ebcfc711f,The Presentation of the Infant Jesus in the Temple,Proto Renaissance,religious painting,c.1320,281
898.jpg,f2e0bf35d07f3e838e2ff40956032ed3,"Stolzenfels Castle, in the background Lahneck Castle",Romanticism,landscape,1836,898
381.jpg,1e7ffd6f66de716c62c8b9c89c21494f,Sacrificial Stone in Baalbek,Post-Impressionism,cityscape,1907.0,381
230.jpg,a247e30c3ee8afa792fce2c25e3d3e8c,Birch Trees,Post-Impressionism,landscape,1911,230
272.jpg,50900e56a7480824436d7ad7f83fcc2b,Lady Delm and her Children,Rococo,portrait,1780,272
916.jpg,1e8267251976e6f3b771b00f32c5798b,Double Portrait (Chief Inspector Heinrich Benesch and His Son Otto),Expressionism,portrait,1913,916
124.jpg,9aedafc30e2a675b8d761b0b313e2376,Summer Pastoral,Rococo,pastorale,1749,124
557.jpg,9c948f31fc16aca442cc91e7fe05fb95,A Corner of the Garden in Rueil,Realism,cityscape,1882,557
481.jpg,b59f3b556ce036d42a93dea4c3f1ba48,The Western Brothers,Neoclassicism,portrait,1783,481
687.jpg,b844978933b7ae43e32ce775494821eb,Untitled,Surrealism,symbolic painting,,687
992.jpg,ee1fc5cb64efc639c3c00ccf3af614c4,Christ Handing the Keys to St. Peter (detail 1),Early Renaissance,religious painting,1482,992
588.jpg,d8a3c897c506be7de91d8f892f14f934,Zo d'Axa,Realism,sketch and study,,588
767.jpg,dcf0ea86a8a6510caf9a8816a0532312,Requiescat,Academicism,animal painting,1888.0,767
626.jpg,d09f796f2b0aa11dffc88badd9806119,Tempest,Romanticism,landscape,1850,626
283.jpg,76cd369cddf78f33b853fa53077ac113,Bay. Vyko,Realism,landscape,,283
981.jpg,d41c502f1b4faa29dcc0214c4e3dc33d,"Harriet Howard, Duchess of Sutherland",Neoclassicism,portrait,1849,981
503.jpg,7e946c3fae23ee8777b7b49d056ca993,Bringing home the flock ,Academicism,genre painting,1881.0,503
262.jpg,13fb1d497e1759ed5311c5222fb02685,The Return of Ulysses to his home,Academicism,mythological painting,,262
273.jpg,6baae050950b67f2462ce2b0c6c8ab9e,Untitled,Art Informel,abstract,1955.0,273
367.jpg,be80d7a4e112407465a49e215d44a61e,Creation of the World IV,Symbolism,symbolic painting,1906,367
745.jpg,9c678eb1eff0a37569b9066013797160,Untitled (Blue Field),Lyrical Abstraction,abstract,1961,745
438.jpg,3edc6a404b8c67b7dad1405d52228c96,Marie Louise House in Spring ,Divisionism,landscape,,438
249.jpg,d41c502f1b4faa29dcc0214c4e3dc33d,Princess Charlotte of Belgium,Neoclassicism,portrait,1842,249
839.jpg,40f86d376acde0d9862ce7493745bdae,Battle of Tétouan,Surrealism,battle painting,1962,839
490.jpg,dd64f4b87e7e6a5549ffb72f7bca746c,Titian,Baroque,portrait,1587,490
974.jpg,e60882af79cababb03ddfa980a75448c,The Fall or The Accident,Romanticism,genre painting,1787,974
893.jpg,df158115f72d7f1a3889158962258455,The Swing of Pulcinella ,Rococo,genre painting,1793,893
74.jpg,129349585c3d1f312535b6619fc36bf7,Roses,Realism,flower painting,c.1890,74
738.jpg,8484e5abe6badeb29c4b9af137636259,La caridad,Romanticism,genre painting,1888.0,738
72.jpg,234c8d1df0b49b512791078cf00cf352,Bougival,Impressionism,landscape,1878,72
976.jpg,3edc6a404b8c67b7dad1405d52228c96,In Flowers,Divisionism,portrait,,976
443.jpg,481c5c92d55717167e01821144a54635,Bouquet of Flowers,Impressionism,flower painting,1873,443
25.jpg,1dfc4d9fc9461efb99a4138c1966e1b4,Mountain Village (Autumnal),Abstract Art,abstract,1934,25
969.jpg,51b72626792ce4fabab05000bac62e7d,Bathers by the Edge of a River,Orientalism,genre painting,,969
39.jpg,234c8d1df0b49b512791078cf00cf352,The Seine at Grenelle,Impressionism,landscape,1878,39
617.jpg,5fc2ffdd3d24ab503edd9a271dc379bd,Landscape by the Lake,Realism,landscape,c.1870,617
319.jpg,1e7ffd6f66de716c62c8b9c89c21494f,Electric Station at Jajce at Night,Symbolism,cityscape,1903.0,319
104.jpg,dc589f213ba7bd398714ac2796b7c0ab,Vision of Ezekiel,Baroque,religious painting,1608,104
538.jpg,49bb8d79587c2172c6cd04dd705fd891,Beach Scene with Lighthouse (also known as Children at the Seashore),Post-Impressionism,genre painting,c.1902,538
239.jpg,db6a8050ebd12c0371ccaabaffefbe6e,Vendor of Fowl,Northern Renaissance,genre painting,1560.0,239
32.jpg,5fc2ffdd3d24ab503edd9a271dc379bd,Young Woman at the Well,Romanticism,portrait,1870,32
523.jpg,9b97b479032a80f1d0b12175e1360a22,Sunset at the Strait of Belle Isle,Romanticism,marina,,523
146.jpg,ebd4331a76bb68407c87158fad32cf41,Jeune figue posant pour Leonard de Vinci,Surrealism,symbolic painting,1946,146
952.jpg,795985c5c0e7c704a354a487bdffeef5,Composition VIII,Abstract Art,abstract,1923,952
16.jpg,02b866899dc71a00364337e830d075d7,The Fire in the Borgo,High Renaissance,genre painting,1514,16
630.jpg,02b866899dc71a00364337e830d075d7,Madonna of the Baldacchino  ,High Renaissance,religious painting,,630
49.jpg,bd14ef3c1a25cf0c5368ccd92a3c5f04,"Portrait of the composer's daughter, EF Napravnik ",Art Nouveau (Modern),portrait,c.1910,49
238.jpg,82665201c4108381d854740ddcb86e67,Portrait of M. Lukyanov,Symbolism,portrait,1918,238
543.jpg,48fc8e17fb4d3cb68c2d0112491f60f1,Portrait of a Young Man,High Renaissance,portrait,1500,543
928.jpg,49bb8d79587c2172c6cd04dd705fd891,Bed of Flowers (also known as Cannas or The Garden),Post-Impressionism,flower painting,c.1899,928
499.jpg,b844978933b7ae43e32ce775494821eb,Untitled,Surrealism,symbolic painting,,499
851.jpg,9649a0013a798a8367d2c493e37468ec,Rocca de Secca,Luminism,landscape,1858,851
405.jpg,baf7d83c695b53884ac947bf8fb9567e,Miss Thea Proctor ,Symbolism,portrait,1903.0,405
77.jpg,c7410238d399d9f454123e59b059fdd2,The Dice,Synthetic Cubism,still life,1922,77
886.jpg,82665201c4108381d854740ddcb86e67,Evening Shadows,Symbolism,landscape,1917,886
831.jpg,5aabfc58470d01bb2362795a44a2603b,Christmas night,Post-Impressionism,genre painting,1894,831
489.jpg,147b0f64f4c2848bc0ad7bc1cdf74afe,Morning ,Impressionism,landscape,1914,489
205.jpg,5ae394770a82dac7cea5d95ef6482a11,Stock-still Dream,Cloisonnism,marina,1980,205
439.jpg,ff5bb5557d34e6917582a0cff39a3cba,Slave and Lion ,Romanticism,genre painting,1924.0,439
508.jpg,b844978933b7ae43e32ce775494821eb,Untitled,Surrealism,symbolic painting,,508
156.jpg,4a30943bf6dd5da55d12ccd14aaff0d8,The Visit,Cloisonnism,genre painting,1899,156
905.jpg,d09f796f2b0aa11dffc88badd9806119,Sea buttle near Revel,Romanticism,marina,1846,905
4.jpg,342d7068656b00878b23e1031a3ddf50,Portrait of Grand Duchess Olga Alexandrovna ,Impressionism,portrait,1893.0,4
471.jpg,1e8267251976e6f3b771b00f32c5798b,"Spitalskirche, Molding",Expressionism,sketch and study,1918,471
152.jpg,739ad39c672e781a5cee3c07ecb9f646,The Beach at Selsey Bill,Tonalism,landscape,c.1865,152
384.jpg,121fffad1eb6f7dff228b8a71b6aec72,In the hut,Realism,genre painting,1878.0,384
147.jpg,7da0e381160e47ec634d204917c23d94,Noturno,New Realism,animal painting,,147
236.jpg,eb7aab875efeae0d20311261fc826ef0,Portrait of a Young Man,Early Renaissance,portrait,1440,236
89.jpg,121fffad1eb6f7dff228b8a71b6aec72,Leo Tolstoy in the forest,Realism,portrait,1891.0,89
259.jpg,14ca2cd12133edb1537d0d0c8e557e40,Man and tram,Futurism,portrait,1905,259
217.jpg,80687062449ff7454e2c8926be56f643,Untitled,Naïve Art (Primitivism),sketch and study,1973,217
245.jpg,0c7eaecdec27857c7a62125561cd32d0,Irod's feast,Baroque,religious painting,,245
993.jpg,33fbba0a786451ed0ed45b0467349cfe,June Glory,Impressionism,flower painting,1920,993
550.jpg,760fc95df0f09618acfa3561ecdf329b,Untitled,Action painting,abstract,1957,550
778.jpg,a6027a4ba71b61a55ea598379c9d508c,"Portrait of Mme. Rene De Gas, born Estelle Musson",Impressionism,portrait,1873,778
356.jpg,c893995a89c621638c11fc2c51038571,Reprimand,Realism,genre painting,1883,356
959.jpg,83e9823eb4868ca162fd3b7adff70096,Death of Almoadam,Romanticism,illustration,1877,959
69.jpg,1468ab18764365ded902fc726aec2c89,Dwarves,Op Art,tessellation,,69
126.jpg,49bb8d79587c2172c6cd04dd705fd891,St. Malo,Post-Impressionism,landscape,c.1907,126
11.jpg,453ddca2bf25d4cd2c01a88f9ab2c376,Yard at winter,Realism,cityscape,c.1904,11
371.jpg,d4694d62cbeb84925ff57fc57243a2e2,Springtime,Impressionism,landscape,1930.0,371
442.jpg,ccb8b07e7e3d837b2cd08d3edaf009cd,Watching for Wagons ,Romanticism,genre painting,1917.0,442
210.jpg,358474690052f63f9107c823b7a61686,Fortune-teller with a candle,Romanticism,portrait,1830,210
108.jpg,129349585c3d1f312535b6619fc36bf7,Portrait of A.Suvorina,Romanticism,portrait,c.1880,108
638.jpg,6f80666437feea42f295cdc0f1eb4df9,The Deauville Basin,Impressionism,marina,c.1894,638
491.jpg,5ae394770a82dac7cea5d95ef6482a11,Marine,Expressionism,marina,1988,491
62.jpg,6f80666437feea42f295cdc0f1eb4df9,"The Fisherman, Low Tide",Realism,genre painting,c.1863,62
807.jpg,129349585c3d1f312535b6619fc36bf7,Proclamation of Kuzma Minin in Nizhny Novgorod in 1611,Romanticism,history painting,,807
527.jpg,bd14ef3c1a25cf0c5368ccd92a3c5f04,Marrakesh ,Expressionism,genre painting,1928,527
574.jpg,0eeac4ecff259dc515be795e1a76019a,Portrait of F.F. Notgaft (Collector),Art Nouveau (Modern),portrait,1918.0,574
320.jpg,861c29e13205420326f7443ea77de5c9,The Green Jar ,Post-Impressionism,,1930.0,320
987.jpg,6460e3ba02dfa3b57ebf5d3d0823aa47,Extra in the Folies Bergere Revue,Art Nouveau (Modern),sketch and study,1896,987
414.jpg,5fc2ffdd3d24ab503edd9a271dc379bd,"The Boatman Left the Bank with a Woman and a Child Sitting in his Boat, Sunset",Realism,landscape,,414
859.jpg,33fbba0a786451ed0ed45b0467349cfe,"Meridian Street, Thawing Weather",Impressionism,landscape,1887,859
888.jpg,3cc9a44380296d93e68b71a27643c25f,Madame Cezanne in a Yellow Chair,Post-Impressionism,portrait,c.1890,888
973.jpg,6f80666437feea42f295cdc0f1eb4df9,"Camaret, the Port",Impressionism,marina,,973
165.jpg,ff9488f3353c524c946f38e6547af32a,Still Life With Guitar and Pipe,Post-Impressionism,still life,1959.0,165
551.jpg,91373404ff71f68865c7cd9c51bc62ef,Peñascos de la Peña Encantada ,Realism,landscape,1864.0,551
899.jpg,baa3e6fec49e7eba24e23a8685c22955,Required Reading,Art Nouveau (Modern),genre painting,1900,899
656.jpg,a8da68256ffa6f9fee55bd7bb553652a,Christmas Shoppers,New Realism,genre painting,1912,656
726.jpg,c0aa7e2bff796b733a65546eb0df1359,Little Japanese Girl,Academicism,portrait,,726
658.jpg,e87972a61b3ea8056af087ca4d5a7d56,Lady with Goldfish,Impressionism,portrait,,658
570.jpg,f01dab6c041577553712639c152de0e3,No Swimming,Regionalism,genre painting,,570
661.jpg,aceaa52f487dd19129857232b2eeb3d5,Roses,Realism,flower painting,1871,661
143.jpg,d09f796f2b0aa11dffc88badd9806119,Russian-Turkish Sea Battle of Sinop on 18th November 1853,Romanticism,battle painting,1853,143
936.jpg,5e560e9b2ae0c20cfc57b308742bc677,Woman with Eyes Closed,Expressionism,portrait,2002,936
761.jpg,d7b7249d6638477b3073df86f60a43a0,Man on a Scaffold,Social Realism,genre painting,1985,761
421.jpg,8a1a67964c0cbea29fc9801b5c42c553,Pine. Merikyul,Realism,landscape,1894.0,421
484.jpg,45f4183820ce1fa775f8a27d3120aad6,Light and Air,Realism,landscape,1935,484
675.jpg,f8b53786a6cb54a4d7f889c4613be3e4,Still Life,Magic Realism,still life,1949.0,675
972.jpg,44eee069716bb323fdde08eecdcd9c74,The Virgin of the Chancellor Rolin (detail) ,Northern Renaissance,cityscape,1436,972
420.jpg,b31c8ec49c09506f17ec3c0c04fce567,Reverend Daniel Wilson ,Rococo,portrait,1760.0,420
950.jpg,f1871797a848ae00a186024c88748ad6,Mickey ,Pop Art,design,,950
264.jpg,5fc2ffdd3d24ab503edd9a271dc379bd,"Florence, The Boboli Gardens",Realism,cityscape,c.1835,264
744.jpg,bb69c7f93d60a05dca5ce66222f52e98,Sir Astley Paston Cooper,Romanticism,portrait,,744
938.jpg,8a1a67964c0cbea29fc9801b5c42c553,The Sun lit Pines,Realism,landscape,1886.0,938
357.jpg,7b5a9186df853ff921c211145ca5ab59,William H Macdowell ,Realism,portrait,,357
569.jpg,3cb302046ccfd50f005243963add5031,Duke of York,Baroque,portrait,,569
134.jpg,ce3d8977aae5986601232aa58d15282a,Cassis. The view from the window.,Cubism,cityscape,1913,134
533.jpg,dd55583ce853dcbab93bb4af58f4fcfb,A Classical Beauty With A Peacock,Neoclassicism,portrait,,533
842.jpg,861c29e13205420326f7443ea77de5c9,"Sea Piece, Barra",Post-Impressionism,marina,,842
742.jpg,464950b96886c89d81dfd85373ac13d4,Innenansicht der Börse (Handelsbeurs) von Antwerpen,Realism,interior,,742
201.jpg,70612e44f5d877d771c1977b9c5589ad,Ludovica Tornabuoni,Early Renaissance,portrait,,201
76.jpg,5b6a7be5ffc6a27b91bd3210ffa2e088,Kitchen,Social Realism,interior,1965.0,76
453.jpg,8a1a67964c0cbea29fc9801b5c42c553,Forest,Realism,sketch and study,1869.0,453
920.jpg,bcbe9e31a685a3b99d1891edfba25cff,Peasant Woman,Impressionism,portrait,1896.0,920
54.jpg,bb69c7f93d60a05dca5ce66222f52e98,Thomas Moore,Romanticism,portrait,,54
270.jpg,c16781c4321948227193214b68477a5c,Portrait of Mrs Harold Wilson,Realism,portrait,1897,270
434.jpg,5f766392b0bb21a9a771c4675efccd5f,Oleg meets wizard,Romanticism,literary painting,1899.0,434
810.jpg,86b586678f7cf992338f6d715631b794,Stary Krym,Symbolism,landscape,1902,810
672.jpg,9649a0013a798a8367d2c493e37468ec,"Farralon Islands, California",Luminism,landscape,,672
118.jpg,dcb1d130c7640aefc60890d0e90d472d,Lord's Supper,Realism,religious painting,,118
829.jpg,b0a8029c99e6a75f2ff557b94e981de0,A Hamadryad,Romanticism,mythological painting,1893,829
119.jpg,82665201c4108381d854740ddcb86e67,Asleep on the Grass Young Woman,Symbolism,genre painting,1913,119
655.jpg,83e9823eb4868ca162fd3b7adff70096,Her Friends Were Eager To See The Splendors Of Her House,Romanticism,illustration,,655
364.jpg,e9cccfc2addb4f5f89a333f5b5deb834,Battle of Krasnaya Gorka,Realism,marina,1866,364
728.jpg,8863967f24bf7974f76ac119e26c9e3f,Moscow Street,Expressionism,genre painting,1911,728
83.jpg,03f28fbdb3d6543f4b0d9307d0b7da00,Mountain Landscape with Lake,Impressionism,landscape,,83
912.jpg,8c3c5d81d88094aad25fcfd00c17f6ca,The funeral of the elderly Attar of Nishapur,Timurid Period,miniature,1486.0,912
155.jpg,0be7d2d98680435bcfcde984bdcf9b39,"The Dead Sarpedon, Borne by Sleep and Death (from Homer's 'The Iliad') ",Romanticism,literary painting,1831.0,155
906.jpg,38e14c2f533ff199174b1803c57c27e7,Fisher On The Ice ,Impressionism,genre painting,,906
724.jpg,eca4e6b75d88dc798fcf1821aeb28f40,Retrato de Cláudio e Maria,Realism,portrait,1922.0,724
460.jpg,234c8d1df0b49b512791078cf00cf352,Haystacks at Moret Morning Light,Impressionism,landscape,1890,460
235.jpg,40b02cfc7d44302592370bb9feddc28a,Humoresque,New Realism,landscape,1915,235
355.jpg,c16781c4321948227193214b68477a5c,Grace Woodhouse,Realism,portrait,1890,355
983.jpg,e3e5d377f3f20fd13a2a3d4d1e16eded,Ships in Harbour,Naïve Art (Primitivism),marina,,983
766.jpg,c7410238d399d9f454123e59b059fdd2,The Basket of Pears,Cubism,still life,1925,766
368.jpg,5f245a6862316435f7f90b28f4b66e77,The Spanish Woman 1905,,,,368
14.jpg,c6a2545723847ff0987e5efd82912ffa,Landscape,Pointillism,landscape,,14
596.jpg,dcb1d130c7640aefc60890d0e90d472d,Venice,Impressionism,cityscape,1896,596
382.jpg,925aa369b0793b82b0c79df590b98832,Spring Ploughing,Romanticism,landscape,1821,382
407.jpg,b708512929577d7783aa75e4d58fd154,Serpent et trou,Contemporary Realism,animal painting,1966,407
109.jpg,c5e676e275ce5a30ca64608de7890680,Head of an old Man,Baroque,portrait,,109
260.jpg,d2a12d1486da7fdfeb74b488075cf1f6,Study for Two Youths Enter Upon a Pilgrimage,Romanticism,sketch and study,1848,260
325.jpg,bf1d0c9118c5c4d6973bfeb5d7657d83,Portrait Of Mrs Eben Richards,Art Nouveau (Modern),portrait,1899,325
930.jpg,9649a0013a798a8367d2c493e37468ec,Native of the Woods,Realism,wildlife painting,,930
537.jpg,1d6d112c140cb6d1d763a7ca73f2eec0,Landscape. The village of Volyn,Realism,landscape,1887,537
298.jpg,d09f796f2b0aa11dffc88badd9806119,The sunset on sea,Romanticism,marina,1848,298
374.jpg,5b6a7be5ffc6a27b91bd3210ffa2e088,"Washline, Little Bridge  ",Expressionism,cityscape,1989.0,374
663.jpg,c31b03be3da5810b44ea4782d2f3b8a0,Autumn,Magic Realism,landscape,,663
640.jpg,25ae5f1122be2bd3460525c418b9d492,St. Nicholas of Bari,Early Renaissance,religious painting,1424,640
703.jpg,d69b165b98e6f4774f504d1e00de0a68,Column in the Verandah,Expressionism,landscape,,703
37.jpg,b5d68c68efa0917dc276558a88dfee56,"Portrait of Nikolay Kramskoy, the Artist`s Son",Realism,portrait,1882,37
48.jpg,be00408d7829063ed36c7ee3bef77e99,Woman Ironing,Fauvism,genre painting,1912,48
12.jpg,ede1514454e88b491065d3d9ec6e7197,Daryal pass. Moonlight Night,Impressionism,landscape,c.1895,12
953.jpg,8a1a67964c0cbea29fc9801b5c42c553,Forest landscape with stream,Realism,landscape,,953
288.jpg,68cbc428edbcf480cbbb9a0e66e7046d,Mother and Two Children,Impressionism,genre painting,1906,288
582.jpg,8015301cc7d239fbb7a6a693e708d2b1,Place de la Concorde,Neoplasticism,abstract,1943.0,582
980.jpg,dd4a0a26ac3e5f05c4287604bb34694c,The Beggars,Classicism,genre painting,1640.0,980
546.jpg,861c29e13205420326f7443ea77de5c9,Flowers in a Silver Jug,,still life,,546
736.jpg,3f8dc381ccfe9d5cc88b75970262715b,Flowers,Post-Impressionism,flower painting,1929,736
231.jpg,40f86d376acde0d9862ce7493745bdae,Portrait of Mrs. Harrison Williams,Surrealism,portrait,c.1943,231
718.jpg,19e08b713138f86ffd2c42866f14cddd,Portrait of sculptor John Pappas ,,,1938.0,718
698.jpg,464950b96886c89d81dfd85373ac13d4,Arreau,Realism,landscape,,698
322.jpg,b8731537e262d51ab1de92824f03a4cb,Pannello a scacchi,Op Art,abstract,1950,322
771.jpg,387b5bc26967586d61d0e2343c1608f3,Massif near the house,Post-Impressionism,landscape,1907,771
821.jpg,db1318d32df7428076e03513ebf762bb,Lenor appears in front of the black sun of melancholy,Symbolism,illustration,1882,821
662.jpg,82665201c4108381d854740ddcb86e67,Summer Landscape,Symbolism,landscape,1900,662
608.jpg,ede1514454e88b491065d3d9ec6e7197,After a Rain,Impressionism,landscape,,608
606.jpg,b57b907d3d83443091158562bd43b1f1,Cattle,Romanticism,animal painting,,606
477.jpg,289368a0d294ec4a0d531c270faf8de5,"The South and East Front of Clumber House, Nottinghamshire",Romanticism,landscape,,477
291.jpg,9649a0013a798a8367d2c493e37468ec,The Falls,Luminism,landscape,1873,291
215.jpg,d1ec00902766b952ec62d98953e135ec,"Violet, Black, Orange, Yellow on White and Red",Color Field Painting,abstract,1949,215
26.jpg,b2a43738fde0a20062a0900417351a9f,Coronation of the Virgin,Mannerism (Late Renaissance),religious painting,c.1604,26
862.jpg,f14a3a6cc3112c9e92bc6c33c88eb264,A Street Altar,Romanticism,genre painting,1883,862
302.jpg,121fffad1eb6f7dff228b8a71b6aec72,The Courtyard of Petrovsky Palace,Realism,portrait,1885.0,302
413.jpg,1e8267251976e6f3b771b00f32c5798b,Trees Mirrored in a Pond,Impressionism,landscape,1907,413
366.jpg,69f42fe50ebe0a46b3428b6ca22c1453,The Earl of Darnley,Rococo,portrait,1785,366
684.jpg,0f80e5e4699fa73837d2f6b8f0aa74b5,Sorrow,Romanticism,illustration,,684
970.jpg,525770f6b8ef776647a5d94d28baedb4,Harlequin,Expressionism,portrait,,970
99.jpg,c38fea973e430fde20b174f588e853d4,The Crucifixion with St. Mary Magdalen,High Renaissance,religious painting,c.1490,99
897.jpg,b5585b3588ad36b108f43145a63c488f,Platero. Well.,Expressionism,illustration,,897
530.jpg,eeeb3df937e2890e7e8178935b27bf9b,Alligators All Around,Naïve Art (Primitivism),illustration,,530
999.jpg,b64b426fa2b080ad94a2e1c7f423413c,Evening in Petersburg,Realism,genre painting,1871,999
56.jpg,e60882af79cababb03ddfa980a75448c,The Holy Family,Romanticism,religious painting,c.1780,56
826.jpg,b5b555fceaf91e32ca73128c6e80c4a6,The Prince of Wales ,Romanticism,portrait,1840.0,826
601.jpg,53128585a400eea9a4df4ff3ec89db41,Corner of a House,Impressionism,landscape,1884,601
688.jpg,f5aa2fd3418ac536047bb1f828fe0093,Evening at Kintai Bridge in Spring,Shin-hanga,cityscape,1947.0,688
584.jpg,9de86a85507c44bb31b1a5289b53c227,Portrait of a man in traditional dress,Social Realism,portrait,1950,584
664.jpg,2b304d8eacc1f21d0ad66b2f2f5520b0,Old Moscow street,Romanticism,cityscape,c.1890,664
352.jpg,b874a616affcb766bb0e7a4f2a0803f0,Milkmaid,Art Nouveau (Modern),genre painting,,352
311.jpg,40f86d376acde0d9862ce7493745bdae,Portrait Of Jaume Miravidles,Expressionism,portrait,1922,311
732.jpg,b874a616affcb766bb0e7a4f2a0803f0,Girls with flowers at feet,Art Nouveau (Modern),design,1902.0,732
797.jpg,56a65fd0799811f55b3bb04001c4c953,Les murs disparaîtrons,Tachisme,abstract,1961.0,797
469.jpg,82792f2e1e7e17b094b68470452b8987,The green with Erica ,Fauvism,portrait,1970.0,469
1.jpg,1468ab18764365ded902fc726aec2c89,Sunflowers,Expressionism,flower painting,1918,1
833.jpg,b874a616affcb766bb0e7a4f2a0803f0,Portraits of Viennese Ladies,Art Nouveau (Modern),portrait,1901.0,833
865.jpg,79f6b47483600c140c91e901f746a368,Portrait of Madame Olry Roederer,Neoclassicism,portrait,1900,865
722.jpg,24ed88087b0ffeb763e89a197a5cde0d,Jeannie Gobillard,Impressionism,portrait,1894,722
120.jpg,e1587900e782de448f604b37cde0fdfd,Pierre Edouard Baranowski,Expressionism,portrait,1918,120
996.jpg,489c7bf979f6a993869fdc0ae7e4ae34,The boat of the flag,Expressionism,marina,,996
568.jpg,489c7bf979f6a993869fdc0ae7e4ae34,La Ciotat Harbor,Fauvism,cityscape,1906,568
250.jpg,56221362cba30b7e0c96111cc38c5fcd,Saint Francis and his birds,Neo-Romanticism,religious painting,,250
303.jpg,fa7a0860d572a3ec6d1e563839a22d73,La Fortune,Surrealism,landscape,1938.0,303
369.jpg,ede635e53e1b4a905bbea74de30371cf,Venus Blindfolding Cupid,Mannerism (Late Renaissance),mythological painting,c.1565,369
929.jpg,2ba365352b37c48e22d6b12415c44ecc,Untitled,Surrealism,abstract,1958,929
257.jpg,5c1095f901d4b427f9c9a95096e3fbb1,Gathering of Circles,Sōsaku hanga,abstract,1964.0,257
70.jpg,a8da68256ffa6f9fee55bd7bb553652a,"Twenty-Three Fifth Avenue, Interior",Impressionism,interior,1910,70
339.jpg,c7b73c65445a018b1f5f3e781fac1bf8,Digging for Roots,Expressionism,genre painting,1949,339
780.jpg,3f8dc381ccfe9d5cc88b75970262715b,A street,Expressionism,sketch and study,1910,780
189.jpg,c8674132ed594f31e9312b6a26629cb2,Egret by the Pool,Ink and wash painting,animal painting,,189
709.jpg,aceaa52f487dd19129857232b2eeb3d5,Flowers in a Vase,Realism,flower painting,1881,709
30.jpg,0a44213d485e420c7a3cd652d7010b7b,"Ash Trees at Cropthorne, Worcestershire",Naturalism,landscape,,30
163.jpg,8e441c5899bf3d2f3b2c493e62fb92bf,Suikoden Triptych the Fishermen,Ukiyo-e,genre painting,,163
789.jpg,3f8dc381ccfe9d5cc88b75970262715b,Poppies,Realism,flower painting,1947,789
452.jpg,b60aa1ea22ccf54d9fe50f892e9f28ab,The Haystack,Impressionism,landscape,1882,452
566.jpg,c74b7dd9e9e7d8c42895eda332990988,Métis à la Chemise blanche,Expressionism,portrait,,566
926.jpg,03eb72f3b50cabc136056918808ba5cb,Women and Fishermen of Hornbaek,Realism,genre painting,1875.0,926
939.jpg,3cb302046ccfd50f005243963add5031,Barbara Bellasis  ,Baroque,portrait,1690.0,939
448.jpg,40eb05ffa3909e072e80746671744d93,L'Agitateur du Languedoc,Academicism,history painting,1887.0,448
278.jpg,62b4406512c45730d2c7c40f5e3d0d12,Birth of Zoomorph Couple,Surrealism,symbolic painting,1933,278
246.jpg,a93f22f1b76812faea32cc0e9c4faa36,Shades of Evening,Realism,genre painting,,246
699.jpg,6e606cd9cf9660466b26b6c94f6d7240,Shark Fishing,Realism,genre painting,1885,699
114.jpg,e88f5c22a024ef502ce9d5cad6a001a9,Study of a woman's face,Rococo,sketch and study,,114
279.jpg,56221362cba30b7e0c96111cc38c5fcd,The Tarry Stone. Cookham,Neo-Romanticism,cityscape,1929,279
870.jpg,2cd87bc71a43270dc7ce0917f6f6d980,Cover design for 'The Yellow Book',Art Nouveau (Modern),design,,870
408.jpg,4030d6fc5a80030e74f7d7747aa4e27e,The Bishop's Visit,Expressionism,genre painting,1926.0,408
176.jpg,d880f75735034af92204bc70a5802e7d,Psamathe,Academicism,mythological painting,c.1880,176
927.jpg,67881ce12ae195bfae24c608120c5b5a,How will be!,Modernismo,animal painting,,927
17.jpg,b36edf57ed623e40e433565053f5f6ca,The mask negro,Cubism,design,,17
297.jpg,24469767ca1b3b1707c5806ba71eaba8,Bretagne,Expressionism,landscape,1921,297
336.jpg,67881ce12ae195bfae24c608120c5b5a,Sailor with woman,Expressionism,genre painting,1951.0,336
712.jpg,5e560e9b2ae0c20cfc57b308742bc677,Naked Child Laughing,Expressionism,nude painting (nu),1963,712
769.jpg,8cdd41002b7b5c5d112865054a7fe13e,The Kiss,Cubism,genre painting,1930,769
695.jpg,b36edf57ed623e40e433565053f5f6ca,Contrasts of Forms,Cubism,abstract,1913.0,695
142.jpg,56221362cba30b7e0c96111cc38c5fcd,The Marriage At Cana: Bride And Bridegroom,Neo-Romanticism,religious painting,,142
634.jpg,dd55583ce853dcbab93bb4af58f4fcfb,Mischief and Repose,Neoclassicism,genre painting,1895,634
975.jpg,dd55583ce853dcbab93bb4af58f4fcfb,The Betrothed,Neoclassicism,genre painting,1892,975
96.jpg,f1871797a848ae00a186024c88748ad6,Big electric chair,Pop Art,interior,1967,96
329.jpg,11ea911b059c1d4b6c1c59f6cb67191a,Drawing [D88],Abstract Expressionism,figurative,1948.0,329
111.jpg,03eb72f3b50cabc136056918808ba5cb,Holger Drachman,Impressionism,portrait,1902.0,111
500.jpg,12b0e7d955ca4efd56590fe4ccb88dff,View of Dover Castle,Rococo,landscape,1738.0,500
20.jpg,65e7a21f0be8a888e5f3031dd70d3960,Untitled,Mechanistic Cubism,figurative,,20
50.jpg,b679de46a03af65aaf0d8e5e91b2a40f,Sunflowers,Expressionism,flower painting,1917,50
962.jpg,ea2beb11e25ec317263983dbdd6de81e,Edward Hawarden ,Romanticism,portrait,1816.0,962
305.jpg,dc589f213ba7bd398714ac2796b7c0ab,Sine Cerere et Baccho friget Venus,Baroque,mythological painting,,305
812.jpg,644817fd25e139d3efa59e35fed955df,1949-A-No.1,Abstract Expressionism,abstract,1949,812
470.jpg,b36edf57ed623e40e433565053f5f6ca,The shapes on white background (on a blue background in the gift),Orphism,abstract,,470
376.jpg,234c8d1df0b49b512791078cf00cf352,A February Morning at Moret sur Loing,Impressionism,landscape,1881,376
199.jpg,1932ed03f66a00989a6193fd10b2da0b,Plant architecture,Surrealism,symbolic painting,1962.0,199
411.jpg,ea2beb11e25ec317263983dbdd6de81e,"John Clerk, Lord Eldin ",Romanticism,portrait,1815.0,411
335.jpg,a5c3d1ad7c03c27edf4111678ec949cc,Joseph and Potiphar's wife,Art Nouveau (Modern),religious painting,,335
424.jpg,dd1632620669a880e3fc3896547c10ce,Spinner,Impressionism,genre painting,1886,424
988.jpg,8eff408294f066e173cc10eb32f75335,On the Porch,Regionalism,genre painting,1926,988
794.jpg,66fd66181fdd824a28b156376c9a3674,Stone crosses in Subotiv,Romanticism,landscape,1845.0,794
242.jpg,342d7068656b00878b23e1031a3ddf50,Portrait of Anna Staal,Realism,portrait,1910.0,242
879.jpg,ea2beb11e25ec317263983dbdd6de81e,Sir Marc Isambard Brunel ,Romanticism,portrait,1815.0,879
100.jpg,4c0ed92a11812f892c9c02be3a9a8cef,Red House,Post-Impressionism,landscape,1932.0,100
934.jpg,15655e4a7edb785645d9c9fe696e4a64,L'atelier,Classicism,genre painting,1928,934
845.jpg,ea2beb11e25ec317263983dbdd6de81e,Anthony Champion ,Romanticism,portrait,1807.0,845
911.jpg,b5eaa78a28dc3b1d0ead84a3fd81b423,Martha Randolph Jefferson,,portrait,,911
318.jpg,b524de8260b478d0bfb81edc0128cfab,old man's head,Romanticism,portrait,,318
464.jpg,e194986304d381e56ca87f11adab090b,A Gray Day ,Impressionism,cityscape,1912.0,464
423.jpg,54e7b38b5c91716bd3ad99a0ab740a18,Caricature of Matthew Arnold,Realism,caricature,1871,423
553.jpg,6afb8eb06feb5e0afb5c16b284ccc85f,For a Walk,Expressionism,genre painting,,553
676.jpg,50900e56a7480824436d7ad7f83fcc2b,Mrs. Turnour,Rococo,portrait,1757,676
229.jpg,5b1936d87ff54fec96bb1eeeee2621d6,"A group of horses, Saltholmen",Impressionism,animal painting,1906.0,229
800.jpg,55306bdb19b40b8b45011a850b7f85cd,Les maris me font toujours rire: Je suis le mari de M'ame Jolibiais,Romanticism,caricature,1853.0,800
531.jpg,12dfb12ee87cde6a8dd88d10fb3075f4,Eagle Bridge Hotel,Naïve Art (Primitivism),genre painting,1959.0,531
316.jpg,d8a3c897c506be7de91d8f892f14f934,Quand Tu Feras Un Gosse ,Art Nouveau (Modern),illustration,1890.0,316
198.jpg,39c465a1d078121873a31807ce9dc2ed,Vase ,Art Nouveau (Modern),design,1897.0,198
191.jpg,3f8dc381ccfe9d5cc88b75970262715b,Illustration for tale of Hovhannes Tumanyan 'Wolf',Expressionism,illustration,1934,191
475.jpg,1468ab18764365ded902fc726aec2c89,Lizards,Op Art,tessellation,,475
82.jpg,bfb541e54ad5c7320e8f80e2a2163e93,Moonlight over the Sumida River in Edo,Ukiyo-e,landscape,,82
651.jpg,42201593b4deaa482e2109bc0e785e51,The Creeks,Expressionism,landscape,1944,651
689.jpg,12b5ed543127a1a4b92ab9b548e903d5,Abstract Composition,Cubo-Futurism,abstract,c.1915,689
725.jpg,5f5b31e07a9f529fab95992e6ef63c47,The Death of General Wolfe (detail),Rococo,history painting,,725
373.jpg,3937af6d364e2f24d1cce16fe3916536,The Nightingale,Surrealism,cityscape,1962,373
705.jpg,c5a5083e8f41a949727612fe5e0f5508,The Artist in his Studio,Expressionism,self-portrait,,705
867.jpg,300c247c7a4d15b038983f91b1f837e2,Girl in front of the Lion Cage ,Impressionism,genre painting,1901.0,867
392.jpg,76cd369cddf78f33b853fa53077ac113,"Portrait of Nikolay O.Ge, Artist's Father",Realism,portrait,1854,392
440.jpg,56221362cba30b7e0c96111cc38c5fcd,Portrait Of Miss Ashwanden,Neo-Romanticism,portrait,,440
498.jpg,3a5da5cdabbaa3f0dea68520a419e01f,Farm Buildings in a Winter Landscape,Impressionism,landscape,,498
752.jpg,071365e38f1ab6565334bb8684ad8b93,Discesa in blu,Lyrical Abstraction,abstract,1982.0,752
151.jpg,6f80666437feea42f295cdc0f1eb4df9,"Antwerp, the head of Flanders",Impressionism,landscape,,151
657.jpg,c2c4a3969452c74d1f4fb9e9d3d5b366,Versailles. Fountain of Bacchus in the winter,Post-Impressionism,landscape,1905.0,657
8.jpg,facb8013e0ad77b41ecbdf661f440c03,The Horse Race,Romanticism,animal painting,1824,8
925.jpg,43ca4d3d90730bed8a652aaa68eb9e10,Summer Shower,Impressionism,genre painting,1891.0,925
415.jpg,3f8dc381ccfe9d5cc88b75970262715b,Ararat at spring,Symbolism,landscape,1945,415
255.jpg,34af3fde07e283bb8c99f8de85e5f94d,Girl with a Rose,Baroque,portrait,,255
636.jpg,d6dbf2bf9bb51e702f96989d1f79f18c,Ostatnie śniegi,Symbolism,landscape,1899.0,636
811.jpg,3cb302046ccfd50f005243963add5031,Alice Sherard  ,Baroque,portrait,1685.0,811
455.jpg,5f5b31e07a9f529fab95992e6ef63c47,Self-portrait,Rococo,portrait,1758,455
819.jpg,1c3585c12e0917cda33d523cf5f23b10,Projet de frontispice pour Macbeth,Symbolism,illustration,,819
197.jpg,40b02cfc7d44302592370bb9feddc28a,"Spring Rain, New York",New Realism,genre painting,1912,197
406.jpg,5aabfc58470d01bb2362795a44a2603b,Barbarian music,Post-Impressionism,allegorical painting,1893,406
756.jpg,3cbc8bc4a88d67bda34c2d436212e2cf,Father Saw,Realism,illustration,1832,756
308.jpg,edc602e1ea08f4b0146a7b4f558d621d,View of Oshima from Atami beach,Ukiyo-e,landscape,c.1830,308
389.jpg,c9cb55f86a51601ee0bf7bc5e92f8f7b,Ethel Bartlett,Impressionism,portrait,,389
837.jpg,3cb302046ccfd50f005243963add5031,Sir Edward Waldo ,Baroque,portrait,1680.0,837
324.jpg,494871bde32e449efba0331a94ce02df,Vladimir Mayakovsky ,Expressionism,portrait,,324
924.jpg,3b4ee6d6140803ebef405983f23ffcc1,Shepherd with Flock,Naïve Art (Primitivism),genre painting,,924
823.jpg,8fc27c0692da2bccf57cdea68129db00,Petersburg. The Summer Garden in winter.,Art Nouveau (Modern),cityscape,1902.0,823
944.jpg,6460e3ba02dfa3b57ebf5d3d0823aa47,The Policeman s Daughter,Post-Impressionism,portrait,1890,944
458.jpg,f1871797a848ae00a186024c88748ad6,Carter Burden (white),Pop Art,portrait,1977,458
102.jpg,d02d455111cf0569fae2841e1149f8d0,Portrait de la Princesse Nawal Toussoun,Magic Realism,portrait,1952,102
194.jpg,e3b9598b8953d033e1a7b6556d851425,Peasant weaving at war ,Expressionism,genre painting,1930.0,194
590.jpg,b844978933b7ae43e32ce775494821eb,Untitled,Surrealism,symbolic painting,1956,590
244.jpg,727a41465e9468349ae6cbae64d85837,White Gothic #3,Abstract Expressionism,abstract,1957,244
66.jpg,f44205b1eb2de981de766e0688f8cbac,"Costume designs for ""Petrushka"" by Stravinsky in Metropolitan Opera",Art Nouveau (Modern),design,1925,66
340.jpg,1cec93e2eb386945ea002f7b1b594a08,Figuras a Cinco Colores,Constructivism,figurative,1946.0,340
41.jpg,3d17c33e6a748898412beb11ca8c074c,Pintura,Color Field Painting,abstract,1974.0,41
351.jpg,b874a616affcb766bb0e7a4f2a0803f0,Girls and Eggs,Art Nouveau (Modern),design,1901.0,351
378.jpg,53e829378f276e058a825bcc22f4b5f5,Bassano,Post-Impressionism,cityscape,,378
666.jpg,c8b8309d0adf15bd814701ee47de640c,Tynemouth Priory from the Sea,Romanticism,marina,1797.0,666
51.jpg,c9380d13360b37f21cfd174d92a7247e,Futurist Still Life with Cactus,Post-Impressionism,still life,1928,51
694.jpg,c3cf19679f72b9c335bb247c42bdbf4b,Fente,Hard Edge Painting,abstract,1986.0,694
900.jpg,c8b8309d0adf15bd814701ee47de640c,Kirkstall Abbey from the North West,Romanticism,cityscape,1797.0,900
372.jpg,358474690052f63f9107c823b7a61686,Portrait of Feodor Rostopchin,Romanticism,portrait,1822,372
743.jpg,6afb8eb06feb5e0afb5c16b284ccc85f,unknown title,Expressionism,symbolic painting,,743
587.jpg,485d901dc4df30b128bf01cb6e229767,Ecstasy (B),Sōsaku hanga,figurative,1953.0,587
95.jpg,3f93b217bd0dbf874f973958f1eb6df4,The Peasant Settling His Debt,Baroque,genre painting,c.1644,95
10.jpg,8f59e3f70611b198f0536f60187cb64b,The Supper at Emmaus,Baroque,religious painting,c.1645,10
575.jpg,d80845360ec772e09996eb8c7678eae6,The Young Mother,Social Realism,genre painting,1944,575
243.jpg,501cd43fed2cebe0f11c7e8df94f49bb,Two Girls On A Swing,Realism,genre painting,1940,243
720.jpg,a2adbbd1de057323f70aa09024ba8e9b,4 sphères,Concretism,abstract,1960.0,720
781.jpg,b7ada9d42549fd1a8a177f5c6347d254,Night Scene in Avila,Social Realism,landscape,1907,781
387.jpg,367b71c19a5901f237b9f10cf7bc6e86,King Feisal of Iraq,Post-Impressionism,portrait,1919.0,387
330.jpg,b6796f9016a2f72aa60dac68358cc204,Spring night,Symbolism,mythological painting,,330
473.jpg,bc0ddf03c667c5edb17982be481ef360,Figure in Scutari Carpet,Expressionism,portrait,1922,473
994.jpg,7b016984b86b58f83977299591cf4e38,Untitled (SF59-531),Abstract Expressionism,abstract,c.1959,994
873.jpg,5c147c5e335fa44f75dcbf7ac11a4f97,A peasant with a rake ,Ink and wash painting,genre painting,1940.0,873
60.jpg,3f8dc381ccfe9d5cc88b75970262715b,Illustration to 'Armenian folk tales',Naïve Art (Primitivism),illustration,1937,60
889.jpg,46509d8135f8bf67e9b2850945ffac9b,The Hag,Ukiyo-e,portrait,,889
85.jpg,45f4183820ce1fa775f8a27d3120aad6,The Golden Fleece Magazine. The May,Art Nouveau (Modern),illustration,1907,85
220.jpg,9a57737b2a02ed99d9612e8f7bac6255,Mujer,Cubism,figurative,1941.0,220
864.jpg,ff5bb5557d34e6917582a0cff39a3cba,Cormorant,Ink and wash painting,animal painting,1931.0,864
646.jpg,de42ef05d5901837bbe974fdb3c30ba5,Bouquet of flowers,Realism,flower painting,,646
943.jpg,f98099661e99898b46a8bcd0f2908116,Kolumbaries,Art Nouveau (Modern),genre painting,,943
816.jpg,6f424678082412a289740a9753d8b560,The Council,Surrealism,figurative,1936,816
564.jpg,6702da8bddbdab2f2380787b637b8b45,Kingfisher,Shin-hanga,wildlife painting,c.1910,564
881.jpg,498a3471e49b3b93ecf21cda90b150b0,100 karbovanets of the Ukrainian National Republic (avers),Art Nouveau (Modern),design,1917.0,881
192.jpg,f0c7a65bc3205f2bbe3e50cc78ca3496,Impression #1,Lyrical Abstraction,abstract,1957.0,192
9.jpg,60532377d2fb5ccaf72bfac7c9406191,Marketplace in Siauliai,Symbolism,cityscape,1934,9
620.jpg,469168eb3d49aa54f35f0312b515bad1,Untitled,Lyrical Abstraction,abstract,,620
759.jpg,4a30943bf6dd5da55d12ccd14aaff0d8,Glacier,Art Nouveau (Modern),landscape,1892,759
162.jpg,fed589fddf19274989ba078ca0c1c125,Marbles XI,Photorealism,still life,1984.0,162
502.jpg,dcf0ea86a8a6510caf9a8816a0532312,An Exile of the '45,Realism,religious painting,,502
509.jpg,b8b5a5b0636d1590aceab1d3452382c7,Icelandic Farm,Expressionism,landscape,1978.0,509
691.jpg,3cbc8bc4a88d67bda34c2d436212e2cf,Remembrances of St. Pelagie. (Souvenir de ste Pélagie),Realism,genre painting,1834,691
643.jpg,91267046c36d91538b9604c7660f2a04,Boy reading,Impressionism,portrait,1906.0,643
740.jpg,24ed88087b0ffeb763e89a197a5cde0d,The Port of Nice,Impressionism,marina,1882,740
817.jpg,9c948f31fc16aca442cc91e7fe05fb95,A King Charles Spanie,Realism,animal painting,c.1866,817
80.jpg,b36edf57ed623e40e433565053f5f6ca,Station,Purism,sketch and study,,80
277.jpg,7d23f7ce46de4b0a27ae60e925350b3b,Triple Double,Hard Edge Painting,abstract,1964,277
486.jpg,f00797ae4777c536e2eebfd3825891c8,Still Life with Fruits,Post-Impressionism,still life,1911.0,486
683.jpg,f47cc495ff58cf617c53db76fd24319e,Untitled,Surrealism,symbolic painting,2004,683
707.jpg,c67858bddbf14e2a1ca52fff135a43f3,A Menina a Bandeira III,Surrealism,figurative,1984.0,707
678.jpg,7c98b429a2bb61258b16b080a91eb07a,Music Room ,Art Nouveau (Modern),design,1901.0,678
679.jpg,fe52a4380f2b016fc3d848350f50c30f,Eclipse,Post-Painterly Abstraction,abstract,1962,679
140.jpg,3cbb44e1535a883c98f70588daf6163f,Le Coucher de Desdémone,Romanticism,literary painting,1849.0,140
610.jpg,5c147c5e335fa44f75dcbf7ac11a4f97,Lychee fruit ,Ink and wash painting,still life,1940.0,610
295.jpg,143da16251170dba1006dc7fe9c7871b,Il y en a toujours un autre ,Romanticism,genre painting,1882.0,295
770.jpg,479807bac5f3f944e7209e5d99e0dc48,Notre Dame de Grasse at Honfleur,Impressionism,landscape,,770
300.jpg,07eb5eaa97f3e0de0b3d1773336fcabe,鬼趣图,,,,300
73.jpg,b5725c6e52937e6dec48a7c5e08bb96c,Portrait of General Pablo Morillo,Romanticism,portrait,1820.0,73
841.jpg,71705bdd1be61b11f6ab927b3bc50e27,Mulata,Expressionism,portrait,1941.0,841
27.jpg,8f917f19a28b7510774110e50c95de56,Self-portrait,Expressionism,self-portrait,1947,27
834.jpg,10384673568c58673bea9eb3c0cbebb6,Untitled Abstraction (Mantic),Abstract Art,abstract,c.1940,834
122.jpg,831614e9da7ff241dc5783f098dd0107,Fleur rose dans un vase  ,Divisionism,flower painting,1902.0,122
97.jpg,74bb5a4cbd3c28ffebdd09d204c08189,Brass Kettle with Porcelain Coffee Pot,Realism,still life,1910.0,97
105.jpg,9bfa421135ab2d6a06156664b9479dd4,House Tops ,New Realism,genre painting,1921,105
741.jpg,b8b5a5b0636d1590aceab1d3452382c7,Girl with Sheep,Expressionism,genre painting,1982.0,741
556.jpg,ff5bb5557d34e6917582a0cff39a3cba,Hawk,Ink and wash painting,animal painting,1946.0,556
579.jpg,513530a8e473ab2f1d89fcf3684829d4,Painting of Cuju,Ink and wash painting,genre painting,,579
615.jpg,c8041306a183cbaf39ff8cd707c9cc7f,Troll Som Vasker Ungen Sin,Neo-Romanticism,mythological painting,,615
275.jpg,5b39c876740bfc1cfaf544721c43cac3,Jericho,Color Field Painting,abstract,1969.0,275
592.jpg,f319ab062993d276b4b67feef079992f,Horse Portrait,Realism,animal painting,,592
125.jpg,67959e4e5df05b3d9db7c97fd9a0b0f6,Number 236,Abstract Expressionism,abstract,,125
468.jpg,ece3c2c2f8cd7d618f008715c70d2d68,Balancing Act ,Surrealism,figurative,1976.0,468
397.jpg,43216bc9708d8c96b069c0aa30ca45ac,Untitled,Abstract Expressionism,abstract,1959.0,397
737.jpg,cc47068929413a16aa707faefbdf4b70,Number 3,Art Deco,design,,737
175.jpg,bcec59f34377fd0efc8022322a480f32,Labyrinth,Neo-Expressionism,abstract,1989,175
854.jpg,7df35dd92b0d2ee910a07d6eb9e4444c,Terrapene clausa,Naturalism,animal painting,,854
768.jpg,f0c9726a87dc5897dfb329374ca67b6a,ONE EYE ON YOU,Art Nouveau (Modern),animal painting,,768
979.jpg,99176173d03e9b64666047a4a8dddda4,Untitled,Abstract Expressionism,abstract,,979
515.jpg,99ea0a040c9009ece3cee23c194c272a,Espejo dorado,Art Informel,abstract,,515
207.jpg,5abbbc484c31532b41c056ab4ffd5fb5,Painting,Metaphysical art,,1971.0,207
765.jpg,f988edaed0465650db027f536a194180,De Haven,Expressionism,marina,1928.0,765
178.jpg,174b731536cc0d7b1903283cf87bd7a1,Pinwheel,Abstract Expressionism,abstract,1958,178
951.jpg,b3f06d944fdf7d1bb8d855eaa6b85496,Musicians on a Balcony,Northern Renaissance,genre painting,c.1527,951
267.jpg,7a5b41c727b25762d24cee788163a1d7,St. Luke (detail of The Four Evangelists),Early Renaissance,religious painting,1465,267
612.jpg,6f1df91012f633a34caad7873d6cc77c,Untitled,Abstract Expressionism,abstract,1978,612
711.jpg,e51e619a78031f460d716dcc483fe64b,Orakel,Art Informel,abstract,1964,711
58.jpg,0e7dcd50b9f822426707f94a45e8a865,Integration 40 x 39 cmóleo sobre madeiraass,Op Art,abstract,1986.0,58
754.jpg,974640b21af9a1a8bd8a18597ca865bb,Composition,Orphism,design,,754
918.jpg,bf1267ceacfea1e3b977e5f3f904e0d6,Gelmeroda III,Cubism,cityscape,1913.0,918
945.jpg,0c491bebb405572a8fca52e950a45c20,Village Market in Cardoso ,Impressionism,genre painting,1905,945
965.jpg,db4b3b7cf13fd013ce873be4b59303ff,A Figure,Surrealism,portrait,,965
21.jpg,e83f1433c8a7280061dbe90a8540b4b2,Large Rectangles Large,Post-Painterly Abstraction,abstract,1965.0,21
265.jpg,21f21671f0017453e10f2a6afe61a1b9,Flower Light,Art Informel,abstract,1990,265
567.jpg,c2d7d4463ae4197a6f5b535bc2fa07ae,Large Trolley,Neo-Dada,sketch and study,1972,567
174.jpg,46509d8135f8bf67e9b2850945ffac9b,Nihon ryakushi ,Ukiyo-e,mythological painting,,174
529.jpg,d41c502f1b4faa29dcc0214c4e3dc33d,Portrait of Princess Elizaveta Alexandrovna Tchernicheva,Neo-Rococo,portrait,1858,529
130.jpg,e83f1433c8a7280061dbe90a8540b4b2,Untitled (Composition),Post-Painterly Abstraction,abstract,1957.0,130
386.jpg,d17674bf9d0c54c4fba534cf1ac9c733,Passing Train,Divisionism,landscape,1908,386
721.jpg,b874a616affcb766bb0e7a4f2a0803f0,Small Greek heads,Art Nouveau (Modern),design,,721
203.jpg,dc3a04a1d56b1865796b901731aa538e,Nature morte,Art Informel,still life,1952.0,203
914.jpg,5abbbc484c31532b41c056ab4ffd5fb5,Painting,Hard Edge Painting,,,914
173.jpg,64a40f038d5e6db4a0ecf6f24fcdf384,"The Dawn of of the Dream, or Les Fleurs du Mal",Symbolism,illustration,,173
573.jpg,5c147c5e335fa44f75dcbf7ac11a4f97,Pumpkin ,Ink and wash painting,still life,1930.0,573
548.jpg,e83f1433c8a7280061dbe90a8540b4b2,Shapes Group,Post-Painterly Abstraction,abstract,1987.0,548
894.jpg,1140c7351c3f3eb1fd9d703fa15d92e1,Tresco,Contemporary Realism,landscape,,894
463.jpg,b5d68c68efa0917dc276558a88dfee56,"Portrait of Theodora Saltykova, the Painter`s Mother in Law",Realism,portrait,1875,463
532.jpg,39bbf034727f3b89dba2133ae768ff96,La fonte  ,Expressionism,genre painting,1951,532
946.jpg,b104c57445ca76f3852b791616944a02,#3,Hard Edge Painting,abstract,1969,946
524.jpg,f92575e712f476dcaf6c73312dc1dd43,El doble,Cubism,abstract,1977.0,524
882.jpg,50900e56a7480824436d7ad7f83fcc2b,"John Charles Spencer, Viscount Althorp",Rococo,portrait,1786,882
586.jpg,bfb541e54ad5c7320e8f80e2a2163e93,Announcement of a Farewell Performance of Bando Mitsugoro,Ukiyo-e,still life,,586
150.jpg,7f218a0c0d7649053d5b968e8285f4d2,Paysage II,Surrealism,landscape,,150
896.jpg,5b39c876740bfc1cfaf544721c43cac3,Galaxy,Color Field Painting,abstract,1949.0,896
467.jpg,c784adafd0a4358ccff228927a01fee5,Terem Palace,Neoclassicism,veduta,,467
642.jpg,f92575e712f476dcaf6c73312dc1dd43,Juego en tres tonos,Cubism,abstract,1972.0,642
884.jpg,5b39c876740bfc1cfaf544721c43cac3,Onement VI,Color Field Painting,abstract,1953.0,884
783.jpg,51b72626792ce4fabab05000bac62e7d,"Working in Marble, or The Artist Sculpting Tanagra",Academicism,genre painting,1890,783
813.jpg,f3240aa1f2ba725638e2e918a3b7eab3,"Snow at Nan-endo Temple, Nara",Shin-hanga,cityscape,1953.0,813
75.jpg,acb41a9d1162f3060bad857d303f17c8,Abstract Still Life,Abstract Expressionism,still life,1950.0,75
450.jpg,953136226057c94685b4b84e156544e6,Gavroche at 11 years old,Symbolism,literary painting,1850.0,450
559.jpg,7b05040ee031411932da48e43b9af610,Tumulte,Art Informel,abstract,1961,559
304.jpg,c320a8df96c506c11af260bedd619f57,Traveler in rich soil,Art Brut,figurative,1954,304
506.jpg,f988edaed0465650db027f536a194180,Le Jardinier,Expressionism,genre painting,1929.0,506
187.jpg,54d6336d904c5f5f0c5f45e009bb7a16,Capolago,Post-Impressionism,landscape,1910.0,187
346.jpg,34a15cafb88ef8ec6354c305a83c30df,Capture of the White Guard Spyware,Realism,genre painting,,346
806.jpg,ff0c88260957323f0d9f72b123574855,Theme & Variation Decorative Plate #274 (Face in Clamshell),Surrealism,portrait,,806
449.jpg,0c4aebb696abe69e8b437abba61f6084,Recto/Verso #7,Conceptual Art,figurative,1988,449
342.jpg,72e4cf6742c06e89acfef9af033af54f,Vase With Flowers,Naïve Art (Primitivism),flower painting,1990.0,342
627.jpg,c74b7dd9e9e7d8c42895eda332990988,Portrait of a Man With a Newspaper,Expressionism,portrait,c.1913,627
232.jpg,cc197149ecb2f36137461beab0d06fd3,Portrait de Pierre Tal-Coat,Expressionism,sketch and study,1937,232
185.jpg,a2f9c82cad0bc8213ce6af4c6d8485fe,Portrait of Cosimo I de' Medici,Mannerism (Late Renaissance),portrait,1545,185
809.jpg,c9380d13360b37f21cfd174d92a7247e,A milkmade,Naïve Art (Primitivism),genre painting,,809
519.jpg,2d72f2000c42051e7c350a39bdce9bc1,Untitled,Abstract Expressionism,figurative,1941.0,519
545.jpg,b5585b3588ad36b108f43145a63c488f,Sketches for mural. Castillo de la Mota,Expressionism,sketch and study,1957,545
775.jpg,9db9221e9883ca1b7f10e11b76a1c2fa,On stage / Open air performance,Post-Impressionism,genre painting,,775
19.jpg,c9380d13360b37f21cfd174d92a7247e,Peasant couple,Naïve Art (Primitivism),genre painting,1945,19
504.jpg,594c3b491d4a9b3cc938da02d11b71d3,New York III,Post-Painterly Abstraction,abstract,1972,504
286.jpg,b874a616affcb766bb0e7a4f2a0803f0,Portraits of Viennese Ladies,Art Nouveau (Modern),portrait,1901.0,286
181.jpg,1f4ea4aefd2cda9cc1fa39ba072ffec6,Mathilde Schoenberg II,Art Nouveau (Modern),portrait,1907,181
547.jpg,594c3b491d4a9b3cc938da02d11b71d3,Buddha's Court,Abstract Expressionism,abstract,1964,547
2.jpg,03ac41c33b5a777713a5dd0d07d01df8,Totem on the Field,Expressionism,figurative,,2
159.jpg,39c465a1d078121873a31807ce9dc2ed,Necklace ,Art Nouveau (Modern),design,1915.0,159
227.jpg,39bbf034727f3b89dba2133ae768ff96,Autoritratto,Expressionism,self-portrait,,227
650.jpg,cdc80caa5b11354f18ce2484b46d42e8,Tulipes,Impressionism,flower painting,1923.0,650
645.jpg,e45d15fb0b64d7230ef48365fc992ced,Dolgorukov,Rococo,portrait,,645
960.jpg,6c5946fc257578f157c648f09dd4a052,"A saint kneeling and supported by angels, in ecstasy before the Virgin and Child on a Cloud",Baroque,sketch and study,,960
22.jpg,8e3fd2727b2728084531e5290335275d,"Infinity Field, Nemea Series #4",Color Field Painting,abstract,1973.0,22
715.jpg,805ef76457f0c873feeb57089bcfa012,Untitled,Abstract Expressionism,abstract,1974.0,715
35.jpg,a5e2b81ec711adb70104cd9dc384780d,Untitled,Cubism,figurative,1953.0,35
18.jpg,67180c1773a23cc1ea5af9b06aa162f3,Eva Von Arnheim ,Magic Realism,portrait,1930.0,18
571.jpg,ff5fdc9c4a06d8b6153617483d5f9519,On the Shore,Surrealism,landscape,,571
793.jpg,644817fd25e139d3efa59e35fed955df,Untitled,Abstract Expressionism,abstract,1952,793
6.jpg,20b7a2829e49e35a04642211271ed63d,Wire Walker ,Expressionism,genre painting,1928.0,6
487.jpg,f98099661e99898b46a8bcd0f2908116,Music,Art Nouveau (Modern),genre painting,,487
416.jpg,ce3d8977aae5986601232aa58d15282a,The Model squatting,Post-Impressionism,nude painting (nu),1919,416
903.jpg,ef48d7b66a5aa46adac225da61c304e2,Battle of Pavia,Northern Renaissance,battle painting,,903
43.jpg,61c824f7d11a59e4a5c3297c48c4715c,Islands Allagash,Contemporary Realism,landscape,1990.0,43
361.jpg,d102cde968c819e615f13f13ade83a3c,Children of Dr. Tas,Post-Impressionism,portrait,1930,361
412.jpg,a10a1dd31916df93b6031ee0d9ee0870,The Alchemist,Surrealism,abstract,1940.0,412
402.jpg,b3b31afa1d2a4b3d288561535e6f5dce,Balchik Landscape,Impressionism,landscape,1936.0,402
160.jpg,e3b9598b8953d033e1a7b6556d851425,Flowers ,Expressionism,flower painting,1920.0,160
144.jpg,c14fce5bfd9bf9224facc6b76fc36138,Jack,Cubism,portrait,1915.0,144
208.jpg,67b219f3763c04d3803b610993492fd1,Painting #94048,Minimalism,abstract,1994,208
65.jpg,bc37ade08ef16fae5e847cf2bb8ae6ce,"Nerke, Greenland",Art Nouveau (Modern),landscape,1930.0,65
221.jpg,062244b785e58518f2f189329633c59e,Blessing of the Knight,Art Nouveau (Modern),religious painting,1920.0,221
730.jpg,f1cff986926d66d5db074602691020cc,Cabaret,Expressionism,genre painting,1920.0,730
274.jpg,d7491aaf20c9343768fe647b10bd1772,Glacier in the Pamir ,Expressionism,landscape,1931.0,274
409.jpg,baec4a5af305c764a48b1449a10b6820,Etude pour La Promenade ,Post-Impressionism,sketch and study,c.1901,409
652.jpg,7e49b917f3de3d5d4b26baefeb532138,Pousada de Ciganos,Post-Impressionism,cityscape,1923.0,652
180.jpg,881c049ffde80167bfe76849d77f2ec3,Youth with a guitar and two girls sitting on a river bank ,High Renaissance,pastorale,,180
168.jpg,7b05040ee031411932da48e43b9af610,Terre assoiffée I,Art Informel,abstract,1966,168
